{"cameraMode":{"drawMode":0,"name":"Shaded","section":"Shading Mode"},"sceneLighting":true,"audioPlay":false,"sceneViewState":{"showFog":true,"showMaterialUpdate":false,"showSkybox":true,"showFlares":true,"showImageEffects":true,"showParticleSystems":true},"in2DMode":false,"pivot":{"x":0.45390987396240237,"y":1.9509084224700928,"z":-1.380897045135498},"rotation":{"x":-0.038322191685438159,"y":0.9477007389068604,"z":-0.12468056380748749,"w":-0.2912895381450653},"size":5.965815544128418,"orthographic":false}